{
  "model": "RandomForest_PermSHAP",
  "instance": "Highest-Risk_Instance",
  "base_value": 0.2986566255951137,
  "final_value": 0.5477070819752414,
  "features": {
    "times_90_late": {
      "shap": 0.08635547111210033,
      "value": 7.258323643367796
    },
    "revolving_util": {
      "shap": 0.054363563656894556,
      "value": 1.9332871113227057
    },
    "past_due_60_89": {
      "shap": 0.04789653190236899,
      "value": 6.670171630080414
    },
    "past_due_30_59": {
      "shap": 0.03137599416847214,
      "value": 5.639855288468569
    },
    "open_credit_lines": {
      "shap": 0.012925704684099915,
      "value": -1.6986010216896184
    },
    "age": {
      "shap": 0.008829753400380247,
      "value": -0.15369047688869072
    },
    "monthly_income": {
      "shap": 0.006723571540814455,
      "value": -1.225657957288024
    },
    "debt_ratio": {
      "shap": -0.0006777686461658328,
      "value": -0.348591277038482
    },
    "real_estate_loans": {
      "shap": 0.0006646737827317728,
      "value": -1.0079039738108146
    },
    "dependents": {
      "shap": 0.0005929607784310953,
      "value": -0.6803752466335475
    }
  }
}