{
  "model": "GradientBoosting_PermSHAP",
  "instance": "Highest-Risk_Instance",
  "base_value": 0.06168569560145375,
  "final_value": 0.30067848687782156,
  "features": {
    "revolving_util": {
      "shap": -0.09730828303656067,
      "value": 1.9332871113227057
    },
    "monthly_income": {
      "shap": 0.09478287231319046,
      "value": -1.225657957288024
    },
    "past_due_30_59": {
      "shap": 0.0850754642046134,
      "value": 5.639855288468569
    },
    "open_credit_lines": {
      "shap": 0.07692634159713958,
      "value": -1.6986010216896184
    },
    "age": {
      "shap": 0.056259737801869304,
      "value": -0.15369047688869072
    },
    "past_due_60_89": {
      "shap": 0.04168157380283832,
      "value": 6.670171630080414
    },
    "real_estate_loans": {
      "shap": -0.034659464255185256,
      "value": -1.0079039738108146
    },
    "times_90_late": {
      "shap": 0.021070416543319315,
      "value": 7.258323643367796
    },
    "dependents": {
      "shap": -0.01264444278387462,
      "value": -0.6803752466335475
    },
    "debt_ratio": {
      "shap": 0.007808575089017977,
      "value": -0.348591277038482
    }
  }
}